codon_change,mean_phyloP,mean_phastCons,count
TTT->TTC,0.5354950495049505,0.8461658415841583,1212
TTC->TTT,0.40547842989716576,0.9084243792325056,7974
CTT->CTC,-0.5430892255892257,0.6397003367003367,594
CTC->CTT,-0.5784341021416805,0.7723025809994507,3642
CTT->CTA,-0.5612174721189591,0.6601598513011152,538
CTA->CTT,-0.4567558685446009,0.6626291079812205,639
CTT->CTG,-0.5235944055944055,0.7011713286713287,286
CTG->CTT,0.06432586206896551,0.8508521551724137,2320
CTA->CTC,-0.4518820224719101,0.6829269662921348,178
CTC->CTA,-0.6452578548212351,0.7555980498374864,923
CTA->CTG,-0.37083232628398793,0.7058489425981873,662
CTG->CTA,0.0489115179252479,0.8552389016018306,6555
CTC->CTG,-0.62112890625,0.7963424479166666,768
CTG->CTC,0.05721388101983003,0.8631352691218129,1412
CTG->TTG,0.5331194298367008,0.824336147246056,7226
TTG->CTG,0.2959752155172414,0.7006928879310346,928
CTA->TTA,0.429980291970803,0.7408102189781022,1370
TTA->CTA,0.31977564102564104,0.638173076923077,312
TTA->TTG,-0.213260162601626,0.586059620596206,369
TTG->TTA,0.16408787082238074,0.8129924896733007,2663
ATT->ATC,0.2723219264892269,0.8199898605830166,789
ATC->ATT,0.04326430370636919,0.8656511335012596,5558
ATT->ATA,0.22369142857142854,0.8096285714285715,1050
ATA->ATT,0.08305142857142858,0.7806342857142856,700
ATA->ATC,0.11255797101449273,0.7613985507246377,138
ATC->ATA,0.001214768883878244,0.8543545659526494,1774
GTT->GTC,-0.3685537848605578,0.6433884462151395,502
GTC->GTT,-0.48147101142615323,0.732584849767245,2363
GTT->GTA,-0.2626241610738255,0.7088635346756151,447
GTA->GTT,-0.536044543429844,0.6357505567928731,449
GTT->GTG,-0.29597993311036785,0.6693578595317725,299
GTG->GTT,-0.18398267034265456,0.8073710122095313,2539
GTC->GTA,-0.4580133136094675,0.7338653846153845,676
GTA->GTC,-0.47614655172413795,0.6306551724137932,116
GTC->GTG,-0.5229533213644524,0.7151831238779175,557
GTG->GTC,-0.20373489630297564,0.8188566275924257,1109
GTA->GTG,-0.5701213991769546,0.5774650205761317,486
GTG->GTA,-0.2055532606173126,0.8058556509631005,4309
TCT->TCC,-0.4241877551020408,0.49089387755102043,490
TCC->TCT,-0.3224241279069768,0.7165226744186046,3440
TCT->TCA,-0.4936052631578947,0.506438596491228,342
TCA->TCT,-0.484647564469914,0.513785100286533,349
TCT->TCG,-0.4614114583333333,0.512625,192
TCG->TCT,-0.4454464060529635,0.6977225725094579,793
TCC->TCA,-0.3546523809523809,0.7175721088435375,1470
TCA->TCC,-0.4741279069767441,0.5319767441860465,258
TCC->TCG,-0.39475975975975974,0.716071071071071,999
TCG->TCC,-0.5183691376701967,0.6922420574886535,661
TCA->TCG,-0.4669928952042629,0.5593161634103019,563
TCG->TCA,-0.44487101787101785,0.7030679875679876,2574
AGT->AGC,0.519176906779661,0.7571239406779662,944
AGC->AGT,0.3122189421894219,0.7869329643296432,3252
CCT->CCC,-0.4049151943462897,0.556452296819788,566
CCC->CCT,-0.34815702174714336,0.7158997419830445,2713
CCT->CCA,-0.49244605475040254,0.5048148148148148,621
CCA->CCT,-0.2813333333333333,0.5657705882352941,510
CCT->CCG,-0.47052542372881356,0.5500593220338983,236
CCG->CCT,-0.5295913528591353,0.6494016736401673,717
CCC->CCA,-0.3422033622559653,0.7143389370932755,1844
CCA->CCC,-0.36177192982456136,0.5806290726817043,399
CCC->CCG,-0.42496102661596963,0.733574144486692,1052
CCG->CCC,-0.5763750000000001,0.6773258196721311,488
CCA->CCG,-0.257139896373057,0.6167647668393782,965
CCG->CCA,-0.544408572416177,0.6693014172139647,2893
ACT->ACC,-0.33550452079566,0.576511754068716,553
ACC->ACT,-0.24659365466748018,0.7484200732153752,3278
ACT->ACA,-0.344531887755102,0.5780255102040817,784
ACA->ACT,-0.32272727272727275,0.5852177589852008,473
ACT->ACG,-0.38113605442176873,0.5749659863945579,294
ACG->ACT,-0.43614885954381755,0.7017454981992798,833
ACC->ACA,-0.24141454352441613,0.7462229299363058,1884
ACA->ACC,-0.21044982698961937,0.6578304498269896,289
ACC->ACG,-0.28293902439024393,0.7358226164079823,902
ACG->ACC,-0.5215829383886256,0.6948388625592417,422
ACA->ACG,-0.26323875968992244,0.6021364341085271,645
ACG->ACA,-0.4649345722028649,0.6935733643050717,2583
GCT->GCC,-0.12764981036662454,0.6555246523388116,791
GCC->GCT,-0.05225124275062138,0.7801967688483844,4828
GCT->GCA,-0.20447976878612717,0.6301132947976879,865
GCA->GCT,-0.29594316436251916,0.549689708141321,651
GCT->GCG,-0.2504775641025641,0.6164134615384615,312
GCG->GCT,-0.5833201284796574,0.6251691648822268,934
GCC->GCA,-0.09036477462437395,0.7575876460767946,2396
GCA->GCC,-0.31043137254901965,0.5588578431372548,408
GCC->GCG,-0.09836513761467888,0.7708449541284403,1090
GCG->GCC,-0.5813286384976526,0.6418098591549296,426
GCA->GCG,-0.277558734939759,0.5749156626506023,664
GCG->GCA,-0.547927805280528,0.6328622112211221,2424
TAT->TAC,0.7727093541202673,0.8680345211581292,898
TAC->TAT,0.5168063981042653,0.9177120853080568,4220
CAT->CAC,0.646053050397878,0.8317639257294429,754
CAC->CAT,0.38237025495750704,0.8773543909348441,3530
CAA->CAG,0.31092403746097813,0.7597003121748179,961
CAG->CAA,0.3954680539273154,0.8612280187573271,6824
AAT->AAC,0.6997609618104668,0.7851407355021215,1414
AAC->AAT,0.3916520648398302,0.8607074488614433,5182
AAA->AAG,0.3480014727540501,0.7340309278350516,1358
AAG->AAA,0.4876331707317073,0.8668525435540069,7175
GAT->GAC,0.8412183526810393,0.8327009397457159,1809
GAC->GAT,0.2848291310689727,0.8724990623046467,4799
GAA->GAG,0.23816313725490199,0.7162745098039216,1275
GAG->GAA,0.36139059808023627,0.8659735417179424,8126
TGT->TGC,0.6319555555555555,0.8255166666666666,720
TGC->TGT,0.5511234256926952,0.8936991723641599,2779
CGT->CGC,-0.2252665799739922,0.6997880364109232,769
CGC->CGT,-0.30940758293838866,0.7925913233685745,2743
CGT->CGA,-0.3050992167101828,0.6991462140992166,383
CGA->CGT,-0.29995604395604397,0.6928241758241759,546
CGT->CGG,-0.3135174418604651,0.6925174418604652,172
CGG->CGT,-0.5220451612903226,0.6763148387096775,775
CGC->CGA,-0.31805389221556885,0.7710624465355005,1169
CGA->CGC,-0.4423867924528302,0.651561320754717,212
CGC->CGG,-0.3657167630057804,0.7688554913294797,692
CGG->CGC,-0.5243769751693002,0.6981422121896163,443
CGA->CGG,-0.17985580524344572,0.6720973782771535,534
CGG->CGA,-0.5533488486036257,0.6863694267515923,2041
CGA->AGA,0.9657815912636506,0.7453884555382215,641
AGA->CGA,0.929063492063492,0.6414404761904762,252
AGA->AGG,0.08011409395973154,0.5991073825503356,447
AGG->AGA,-0.1737891535732387,0.6762159148504815,1973
CGG->AGG,0.8635265780730896,0.7410863787375416,602
AGG->CGG,0.9340202898550726,0.6401246376811595,345
GGT->GGC,-0.13489990817263545,0.668981634527089,1089
GGC->GGT,-0.11327497551420176,0.7727967678746327,4084
GGT->GGA,-0.11331919191919193,0.7094989898989899,495
GGA->GGT,0.005302788844621523,0.697608764940239,1255
GGT->GGG,-0.2249142857142857,0.6255224489795917,245
GGG->GGT,-0.8006004566210045,0.5338013698630137,438
GGC->GGA,-0.07197258641239572,0.7613087008343267,1678
GGA->GGC,0.008311284046692603,0.6948910505836575,514
GGC->GGG,-0.11649928673323823,0.7597375178316691,701
GGG->GGC,-0.7813719008264463,0.5737768595041322,242
GGA->GGG,-0.06009221902017291,0.6870835734870316,1041
GGG->GGA,-0.7561473577235772,0.5272052845528455,984
